id,vessel_type,vessel_size,eta_hour,planned_departure_hour,berth_id,berth_type,weather_score,container_subtype
1,Bulk,75,20.25,21.75,C,Bulk,0,
2,Tanker,75,20.25,21.75,A,Tanker,0,
3,RoRo,50,9.75,10.75,D,RoRo,4,
4,Container,75,2.0,3.5,B,Container,1,
5,RoRo,100,15.0,17.0,D,RoRo,1,
6,RoRo,100,15.0,17.0,D,RoRo,1,
7,Bulk,100,17.0,19.0,C,Bulk,0,
8,RoRo,50,13.25,14.25,D,RoRo,3,
9,RoRo,100,6.75,8.75,D,RoRo,2,
10,Bulk,100,21.75,23.75,C,Bulk,0,
11,RoRo,150,18.5,21.5,D,RoRo,4,
12,Container,100,17.25,19.25,B,Container,4,
13,Tanker,75,1.25,2.75,A,Tanker,3,
14,RoRo,50,21.5,22.5,D,RoRo,2,
15,RoRo,100,1.25,3.25,D,RoRo,3,
16,Tanker,150,3.5,6.5,A,Tanker,2,
17,RoRo,50,22.5,23.5,D,RoRo,1,
18,RoRo,50,10.75,11.75,D,RoRo,0,
19,Bulk,150,4.25,7.25,C,Bulk,3,
20,Container,50,19.25,20.25,B,Container,2,
21,Tanker,75,11.5,13.0,A,Tanker,4,
22,Bulk,100,7.25,9.25,C,Bulk,1,
23,Bulk,75,9.25,10.75,C,Bulk,3,
24,Container,75,20.25,21.75,B,Container,2,
25,Container,100,21.75,23.75,B,Container,4,
26,Container,75,11.5,13.0,B,Container,0,
27,Container,100,3.5,5.5,B,Container,2,
28,RoRo,100,3.25,5.25,D,RoRo,2,
29,Bulk,150,12.25,15.25,C,Bulk,3,
30,Container,75,13.0,14.5,B,Container,2,
31,Tanker,150,13.0,16.0,A,Tanker,4,
32,RoRo,50,8.75,9.75,D,RoRo,4,
33,Container,50,16.25,17.25,B,Container,2,
34,Tanker,150,19.25,22.25,A,Tanker,2,
35,Bulk,75,10.75,12.25,C,Bulk,3,
36,RoRo,50,5.25,6.25,D,RoRo,2,
37,Bulk,75,15.25,16.75,C,Bulk,0,
38,Tanker,150,16.0,19.0,A,Tanker,1,
39,Bulk,50,1.25,2.25,C,Bulk,3,
40,Container,75,14.75,16.25,B,Container,0,
41,Tanker,50,22.25,23.25,A,Tanker,0,
42,RoRo,50,11.75,12.75,D,RoRo,3,
43,Tanker,100,6.5,8.5,A,Tanker,2,
44,Container,75,9.25,10.75,B,Container,1,
45,Bulk,50,19.0,20.0,C,Bulk,1,
46,Tanker,75,8.5,10.0,A,Tanker,2,
473,Tanker,100,17.75,19.75,A,Tanker,4,
474,Tanker,150,0.0,3.0,A,Tanker,0,
475,Container,75,15.5,17.0,B,Container,3,ShortExpiryDateFood
476,Tanker,100,3.0,5.0,A,Tanker,0,
477,Bulk,100,9.0,11.0,C,Bulk,2,
478,Bulk,100,3.25,5.25,C,Bulk,0,
479,Bulk,100,18.0,20.0,C,Bulk,4,
480,Container,100,6.75,8.75,B,Container,1,ShortExpiryDateFood
481,Container,150,8.75,11.75,B,Container,2,LongExpiryDateFood
482,Tanker,50,5.0,6.0,A,Tanker,1,
483,Container,150,11.75,14.75,B,Container,2,ShortExpiryDateFood
484,Tanker,50,11.75,12.75,A,Tanker,2,
485,Bulk,50,11.0,12.0,C,Bulk,2,
486,Tanker,150,20.25,23.25,A,Tanker,5,
487,Bulk,100,12.0,14.0,C,Bulk,3,
488,Container,50,17.0,18.0,B,Container,4,LongExpiryDateFood
489,Container,100,18.0,20.0,B,Container,4,LongExpiryDateFood
490,Tanker,50,12.75,13.75,A,Tanker,3,
491,RoRo,150,4.5,7.5,D,RoRo,1,
492,Container,50,20.0,21.0,B,Container,5,LongExpiryDateFood
493,Tanker,150,6.0,9.0,A,Tanker,1,
494,RoRo,100,14.75,16.75,D,RoRo,3,
495,RoRo,100,12.25,14.25,D,RoRo,3,
496,RoRo,50,7.5,8.5,D,RoRo,1,
497,RoRo,150,17.5,20.5,D,RoRo,4,
498,Container,100,21.0,23.0,B,Container,5,ShortExpiryDateFood
499,Bulk,150,14.0,17.0,C,Bulk,3,
500,Bulk,150,20.0,23.0,C,Bulk,5,
501,Tanker,75,9.0,10.5,A,Tanker,2,
502,Tanker,50,10.5,11.5,A,Tanker,2,
503,Tanker,150,14.75,17.75,A,Tanker,3,
504,Bulk,50,5.25,6.25,C,Bulk,1,
505,RoRo,50,8.5,9.5,D,RoRo,2,
506,RoRo,100,20.5,22.5,D,RoRo,5,
507,Bulk,50,17.0,18.0,C,Bulk,4,
508,RoRo,75,10.0,11.5,D,RoRo,2,
509,Container,75,2.75,4.25,B,Container,0,LongExpiryDateFood
510,Tanker,50,13.75,14.75,A,Tanker,3,
511,Bulk,100,6.25,8.25,C,Bulk,1,
512,Bulk,75,0.0,1.5,C,Bulk,0,
513,Container,50,1.75,2.75,B,Container,0,Others
514,RoRo,150,2.5,5.5,D,RoRo,0,
515,Bulk,100,11.0,13.0,C,Bulk,2,
516,Tanker,50,11.5,12.5,A,Tanker,2,
517,Container,50,17.0,18.0,B,Container,4,LongExpiryDateFood
518,Container,100,6.75,8.75,B,Container,1,Others
519,Bulk,75,17.0,18.5,C,Bulk,4,
520,Tanker,50,12.5,13.5,A,Tanker,3,
521,Container,150,2.25,5.25,B,Container,0,ShortExpiryDateFood
522,Container,150,9.5,12.5,B,Container,2,Others
523,Tanker,50,16.0,17.0,A,Tanker,4,
524,RoRo,100,14.5,16.5,D,RoRo,3,
525,Bulk,100,8.25,10.25,C,Bulk,2,
526,Tanker,75,2.5,4.0,A,Tanker,0,
527,Tanker,150,4.25,7.25,A,Tanker,1,
528,Tanker,75,7.25,8.75,A,Tanker,1,
529,Tanker,50,10.5,11.5,A,Tanker,2,
530,Container,75,5.25,6.75,B,Container,1,Others
531,RoRo,50,17.25,18.25,D,RoRo,4,
532,Container,50,12.5,13.5,B,Container,3,Others
533,Container,75,13.5,15.0,B,Container,3,Others
534,Bulk,75,3.0,4.5,C,Bulk,0,
535,RoRo,75,5.5,7.0,D,RoRo,1,
536,Bulk,100,13.0,15.0,C,Bulk,3,
537,Container,150,18.0,21.0,B,Container,4,ShortExpiryDateFood
538,Container,50,15.0,16.0,B,Container,3,LongExpiryDateFood
539,RoRo,75,7.0,8.5,D,RoRo,1,
540,RoRo,150,20.5,23.5,D,RoRo,5,
541,RoRo,75,8.5,10.0,D,RoRo,2,
542,Tanker,150,19.0,22.0,A,Tanker,4,
543,Container,50,16.0,17.0,B,Container,4,ShortExpiryDateFood
544,RoRo,100,18.25,20.25,D,RoRo,4,
545,Container,75,21.0,22.5,B,Container,5,ShortExpiryDateFood
546,RoRo,150,10.0,13.0,D,RoRo,2,
547,Bulk,50,15.0,16.0,C,Bulk,3,
548,Bulk,75,5.25,6.75,C,Bulk,1,
549,Bulk,100,18.5,20.5,C,Bulk,4,
550,Bulk,75,20.5,22.0,C,Bulk,5,
551,Container,50,0.5,1.5,B,Container,0,ShortExpiryDateFood
552,RoRo,50,13.0,14.0,D,RoRo,3,
553,Tanker,100,13.5,15.5,A,Tanker,3,
554,Tanker,75,17.0,18.5,A,Tanker,4,
555,Bulk,50,16.0,17.0,C,Bulk,4,
556,Tanker,50,22.0,23.0,A,Tanker,5,
557,Bulk,75,22.0,23.5,C,Bulk,5,
558,Tanker,100,0.0,2.0,A,Tanker,0,
559,Tanker,75,8.75,10.25,A,Tanker,2,
560,Container,50,22.5,23.5,B,Container,5,Others
561,Bulk,75,6.75,8.25,C,Bulk,1,
562,Bulk,50,16.5,17.5,C,Bulk,4,
563,Tanker,150,8.75,11.75,A,Tanker,2,
564,RoRo,100,15.75,17.75,D,RoRo,3,
565,Tanker,50,12.5,13.5,A,Tanker,3,
566,Container,150,15.25,18.25,B,Container,3,Others
567,Container,50,4.25,5.25,B,Container,1,LongExpiryDateFood
568,Container,75,5.75,7.25,B,Container,1,LongExpiryDateFood
569,Bulk,75,18.25,19.75,C,Bulk,4,
570,Tanker,100,9.5,11.5,A,Tanker,2,
571,Container,150,1.25,4.25,B,Container,0,Others
572,Tanker,150,17.25,20.25,A,Tanker,4,
573,Container,75,1.75,3.25,B,Container,0,ShortExpiryDateFood
574,Bulk,100,6.5,8.5,C,Bulk,1,
575,Bulk,150,0.5,3.5,C,Bulk,0,
576,RoRo,50,16.25,17.25,D,RoRo,4,
577,Container,75,8.25,9.75,B,Container,2,ShortExpiryDateFood
578,Tanker,75,18.0,19.5,A,Tanker,4,
579,RoRo,100,21.25,23.25,D,RoRo,5,
580,Bulk,50,21.25,22.25,C,Bulk,5,
581,Container,150,11.0,14.0,B,Container,2,Others
582,RoRo,150,15.25,18.25,D,RoRo,3,
583,Bulk,150,15.5,18.5,C,Bulk,3,
584,Container,100,16.25,18.25,B,Container,4,Others
585,Container,100,13.25,15.25,B,Container,3,Others
586,Container,75,9.25,10.75,B,Container,2,LongExpiryDateFood
587,RoRo,100,21.5,23.5,D,RoRo,5,
588,Container,150,15.0,18.0,B,Container,3,Others
589,Container,75,5.0,6.5,B,Container,1,Others
590,Container,50,19.5,20.5,B,Container,4,LongExpiryDateFood
591,RoRo,100,17.75,19.75,D,RoRo,4,
592,Container,100,2.75,4.75,B,Container,0,ShortExpiryDateFood
593,RoRo,50,20.0,21.0,D,RoRo,5,
594,Container,75,21.75,23.25,B,Container,5,ShortExpiryDateFood
595,Container,100,3.5,5.5,B,Container,0,LongExpiryDateFood
596,RoRo,150,17.75,20.75,D,RoRo,4,
597,Tanker,100,0.25,2.25,A,Tanker,0,
598,Bulk,150,7.0,10.0,C,Bulk,1,
599,Container,150,5.0,8.0,B,Container,1,ShortExpiryDateFood
600,RoRo,150,14.0,17.0,D,RoRo,3,
601,Container,75,17.25,18.75,B,Container,4,LongExpiryDateFood
602,Bulk,50,9.75,10.75,C,Bulk,2,
603,RoRo,150,13.5,16.5,D,RoRo,3,
604,Tanker,100,1.75,3.75,A,Tanker,0,
605,Tanker,50,1.25,2.25,A,Tanker,0,
606,Tanker,75,14.75,16.25,A,Tanker,3,
607,RoRo,50,19.25,20.25,D,RoRo,4,
608,Bulk,150,8.5,11.5,C,Bulk,2,
609,RoRo,75,8.0,9.5,D,RoRo,2,
610,Bulk,50,15.5,16.5,C,Bulk,3,
611,Tanker,50,16.0,17.0,A,Tanker,4,
612,Bulk,100,2.0,4.0,C,Bulk,0,
613,Tanker,75,15.5,17.0,A,Tanker,3,
614,RoRo,150,12.0,15.0,D,RoRo,3,
615,Bulk,100,9.25,11.25,C,Bulk,2,
616,Container,50,11.5,12.5,B,Container,2,LongExpiryDateFood
617,Container,100,20.75,22.75,B,Container,5,LongExpiryDateFood
618,Container,50,1.0,2.0,B,Container,0,Others
619,RoRo,100,21.25,23.25,D,RoRo,5,
620,Tanker,50,11.75,12.75,A,Tanker,2,
621,RoRo,100,2.5,4.5,D,RoRo,0,
622,RoRo,75,8.5,10.0,D,RoRo,2,
623,Tanker,50,13.25,14.25,A,Tanker,3,
624,Container,75,8.5,10.0,B,Container,2,Others
625,Bulk,150,20.75,23.75,C,Bulk,5,
626,Bulk,75,2.0,3.5,C,Bulk,0,
627,Tanker,100,16.5,18.5,A,Tanker,4,
628,Container,100,18.75,20.75,B,Container,4,LongExpiryDateFood
629,Bulk,150,4.25,7.25,C,Bulk,1,
630,RoRo,100,0.5,2.5,D,RoRo,0,
631,Bulk,100,9.5,11.5,C,Bulk,2,
632,RoRo,150,20.5,23.5,D,RoRo,5,
633,RoRo,75,7.75,9.25,D,RoRo,1,
634,Container,150,13.25,16.25,B,Container,3,ShortExpiryDateFood
635,Tanker,75,11.25,12.75,A,Tanker,2,
636,Tanker,100,6.25,8.25,A,Tanker,1,
637,RoRo,100,8.5,10.5,D,RoRo,2,
638,Tanker,75,10.75,12.25,A,Tanker,2,
639,Container,75,4.5,6.0,B,Container,1,LongExpiryDateFood
640,RoRo,100,21.25,23.25,D,RoRo,5,
641,RoRo,150,17.25,20.25,D,RoRo,4,
642,RoRo,100,15.5,17.5,D,RoRo,3,
643,Container,100,19.0,21.0,B,Container,4,LongExpiryDateFood
644,Container,150,10.0,13.0,B,Container,2,Others
645,Bulk,50,12.0,13.0,C,Bulk,3,
646,Tanker,150,9.25,12.25,A,Tanker,2,
647,Tanker,150,11.25,14.25,A,Tanker,2,
648,Container,100,6.75,8.75,B,Container,1,ShortExpiryDateFood
649,Container,100,21.75,23.75,B,Container,5,ShortExpiryDateFood
650,Bulk,100,17.5,19.5,C,Bulk,4,
651,Bulk,50,16.25,17.25,C,Bulk,4,
652,Container,50,4.75,5.75,B,Container,1,Others
653,Tanker,50,1.25,2.25,A,Tanker,0,
654,Bulk,75,15.0,16.5,C,Bulk,3,
655,Bulk,150,19.75,22.75,C,Bulk,4,
656,RoRo,75,16.0,17.5,D,RoRo,4,
657,Tanker,150,12.0,15.0,A,Tanker,3,
658,RoRo,100,2.75,4.75,D,RoRo,0,
659,Container,100,1.75,3.75,B,Container,0,LongExpiryDateFood
660,Container,50,1.75,2.75,B,Container,0,Others
661,Tanker,100,5.0,7.0,A,Tanker,1,
662,RoRo,75,4.75,6.25,D,RoRo,1,
663,RoRo,75,20.75,22.25,D,RoRo,5,
664,RoRo,100,6.75,8.75,D,RoRo,1,
665,RoRo,50,20.75,21.75,D,RoRo,5,
666,Container,150,16.5,19.5,B,Container,4,ShortExpiryDateFood
667,Container,75,12.5,14.0,B,Container,3,LongExpiryDateFood
668,Tanker,100,17.25,19.25,A,Tanker,4,
669,RoRo,50,22.0,23.0,D,RoRo,5,
670,Container,50,5.25,6.25,B,Container,1,Others
671,Container,75,1.5,3.0,B,Container,0,LongExpiryDateFood
672,Tanker,100,7.75,9.75,A,Tanker,1,
673,Tanker,150,2.5,5.5,A,Tanker,0,
674,Bulk,150,5.5,8.5,C,Bulk,1,
675,Container,50,17.5,18.5,B,Container,4,Others
676,Container,75,4.0,5.5,B,Container,1,ShortExpiryDateFood
677,RoRo,50,20.5,21.5,D,RoRo,5,
678,Container,75,7.75,9.25,B,Container,1,Others
679,Container,75,13.75,15.25,B,Container,3,ShortExpiryDateFood
680,Tanker,150,15.5,18.5,A,Tanker,3,
681,Container,100,13.0,15.0,B,Container,3,LongExpiryDateFood
682,Tanker,100,8.0,10.0,A,Tanker,2,
683,Bulk,75,8.25,9.75,C,Bulk,2,
684,Tanker,50,0.0,1.0,A,Tanker,0,
685,Container,50,22.75,23.75,B,Container,5,ShortExpiryDateFood
686,Tanker,75,15.25,16.75,A,Tanker,3,
687,Bulk,100,4.75,6.75,C,Bulk,1,
688,Tanker,50,18.75,19.75,A,Tanker,4,
689,Bulk,100,12.75,14.75,C,Bulk,3,
690,Bulk,100,7.0,9.0,C,Bulk,1,
691,RoRo,100,3.25,5.25,D,RoRo,0,
692,RoRo,75,14.25,15.75,D,RoRo,3,
693,Container,150,13.25,16.25,B,Container,3,LongExpiryDateFood
694,Tanker,150,7.25,10.25,A,Tanker,1,
695,RoRo,150,3.0,6.0,D,RoRo,0,
696,Bulk,100,12.75,14.75,C,Bulk,3,
697,Container,150,11.0,14.0,B,Container,2,ShortExpiryDateFood
698,Bulk,100,2.0,4.0,C,Bulk,0,
699,Tanker,150,1.0,4.0,A,Tanker,0,
700,Bulk,50,20.75,21.75,C,Bulk,5,
701,Tanker,100,19.25,21.25,A,Tanker,4,
702,RoRo,100,4.75,6.75,D,RoRo,1,
703,RoRo,150,3.25,6.25,D,RoRo,0,
704,Tanker,150,6.5,9.5,A,Tanker,1,
705,Container,75,9.25,10.75,B,Container,2,ShortExpiryDateFood
706,Container,75,7.5,9.0,B,Container,1,ShortExpiryDateFood
707,Container,150,1.75,4.75,B,Container,0,Others
708,Bulk,50,9.5,10.5,C,Bulk,2,
709,Container,150,18.75,21.75,B,Container,4,LongExpiryDateFood
710,Bulk,50,5.5,6.5,C,Bulk,1,
711,Bulk,100,2.75,4.75,C,Bulk,0,
712,Container,75,20.75,22.25,B,Container,5,Others
713,Bulk,75,4.75,6.25,C,Bulk,1,
714,Bulk,50,14.25,15.25,C,Bulk,3,
715,Tanker,150,4.5,7.5,A,Tanker,1,
716,Container,100,4.5,6.5,B,Container,1,Others
717,Bulk,50,5.0,6.0,C,Bulk,1,
718,Tanker,150,1.75,4.75,A,Tanker,0,
719,Bulk,100,15.75,17.75,C,Bulk,3,
720,Bulk,50,6.75,7.75,C,Bulk,1,
721,Container,150,10.5,13.5,B,Container,2,LongExpiryDateFood
722,Bulk,100,1.5,3.5,C,Bulk,0,
723,Container,75,0.0,1.5,B,Container,0,LongExpiryDateFood
724,RoRo,75,6.25,7.75,D,RoRo,1,
725,RoRo,150,18.0,21.0,D,RoRo,4,
726,Container,100,3.5,5.5,B,Container,0,LongExpiryDateFood
727,RoRo,100,19.0,21.0,D,RoRo,4,
728,RoRo,50,19.0,20.0,D,RoRo,4,
729,Tanker,75,14.25,15.75,A,Tanker,3,
730,Bulk,50,4.5,5.5,C,Bulk,1,
731,Bulk,100,15.5,17.5,C,Bulk,3,
732,Bulk,150,13.5,16.5,C,Bulk,3,
733,RoRo,75,1.5,3.0,D,RoRo,0,
734,RoRo,100,19.0,21.0,D,RoRo,4,
735,Bulk,100,5.75,7.75,C,Bulk,1,
736,Container,50,16.75,17.75,B,Container,4,Others
737,Tanker,50,0.0,1.0,A,Tanker,0,
738,RoRo,100,21.0,23.0,D,RoRo,5,
739,Container,100,21.0,23.0,B,Container,5,ShortExpiryDateFood
740,Bulk,75,15.5,17.0,C,Bulk,3,
741,Bulk,50,5.5,6.5,C,Bulk,1,
742,Bulk,50,13.75,14.75,C,Bulk,3,
743,Tanker,150,8.5,11.5,A,Tanker,2,
744,RoRo,75,5.5,7.0,D,RoRo,1,
745,Container,50,19.0,20.0,B,Container,4,Others
746,Container,100,0.25,2.25,B,Container,0,Others
747,Container,75,4.75,6.25,B,Container,1,Others
748,Container,50,9.5,10.5,B,Container,2,LongExpiryDateFood
749,Bulk,150,4.0,7.0,C,Bulk,1,
750,Bulk,150,2.5,5.5,C,Bulk,0,
751,Container,100,13.0,15.0,B,Container,3,ShortExpiryDateFood
752,Bulk,150,19.75,22.75,C,Bulk,4,
753,Tanker,75,17.75,19.25,A,Tanker,4,
754,RoRo,150,19.0,22.0,D,RoRo,4,
755,RoRo,100,3.0,5.0,D,RoRo,0,
756,Tanker,150,17.5,20.5,A,Tanker,4,
757,Tanker,100,16.0,18.0,A,Tanker,4,
758,RoRo,50,19.75,20.75,D,RoRo,4,
759,Container,50,7.0,8.0,B,Container,1,ShortExpiryDateFood
760,Bulk,100,1.5,3.5,C,Bulk,0,
761,Container,100,5.25,7.25,B,Container,1,Others
762,RoRo,75,12.5,14.0,D,RoRo,3,
763,Tanker,100,2.5,4.5,A,Tanker,0,
764,Tanker,75,20.75,22.25,A,Tanker,5,
765,RoRo,50,12.25,13.25,D,RoRo,3,
766,RoRo,50,6.75,7.75,D,RoRo,1,
767,Tanker,150,1.5,4.5,A,Tanker,0,
768,Container,100,9.5,11.5,B,Container,2,Others
769,Tanker,75,3.25,4.75,A,Tanker,0,
770,Tanker,50,13.0,14.0,A,Tanker,3,
771,RoRo,100,4.5,6.5,D,RoRo,1,
772,Container,75,3.5,5.0,B,Container,0,Others
773,Container,50,6.5,7.5,B,Container,1,LongExpiryDateFood
774,RoRo,150,6.0,9.0,D,RoRo,1,
775,Bulk,150,14.5,17.5,C,Bulk,3,
776,Tanker,75,13.25,14.75,A,Tanker,3,
777,Tanker,100,4.5,6.5,A,Tanker,1,
778,Container,100,11.5,13.5,B,Container,2,LongExpiryDateFood
779,Container,150,10.0,13.0,B,Container,2,Others
780,Tanker,150,13.5,16.5,A,Tanker,3,
781,Tanker,150,15.25,18.25,A,Tanker,3,
782,Container,75,15.0,16.5,B,Container,3,ShortExpiryDateFood
783,Bulk,150,5.5,8.5,C,Bulk,1,
784,Bulk,100,13.0,15.0,C,Bulk,3,
785,Tanker,75,21.75,23.25,A,Tanker,5,
786,Tanker,50,11.25,12.25,A,Tanker,2,
787,Tanker,100,12.75,14.75,A,Tanker,3,
788,Tanker,150,8.75,11.75,A,Tanker,2,
789,Tanker,150,16.0,19.0,A,Tanker,4,
790,Bulk,100,10.0,12.0,C,Bulk,2,
791,Container,75,21.5,23.0,B,Container,5,ShortExpiryDateFood
792,Tanker,50,11.5,12.5,A,Tanker,2,
793,Tanker,50,9.75,10.75,A,Tanker,2,
794,RoRo,150,15.5,18.5,D,RoRo,3,
795,RoRo,50,20.5,21.5,D,RoRo,5,
796,Tanker,75,18.75,20.25,A,Tanker,4,
797,RoRo,150,18.0,21.0,D,RoRo,4,
798,RoRo,100,11.75,13.75,D,RoRo,2,
799,Container,75,19.25,20.75,B,Container,4,LongExpiryDateFood
800,Container,50,17.75,18.75,B,Container,4,Others
801,Container,50,17.25,18.25,B,Container,4,LongExpiryDateFood
802,RoRo,150,15.5,18.5,D,RoRo,3,
803,Tanker,100,12.75,14.75,A,Tanker,3,
804,Container,150,20.75,23.75,B,Container,5,Others
805,Tanker,150,17.5,20.5,A,Tanker,4,
806,Tanker,150,9.75,12.75,A,Tanker,2,
807,RoRo,150,11.5,14.5,D,RoRo,2,
808,Tanker,75,7.5,9.0,A,Tanker,1,
809,RoRo,150,3.5,6.5,D,RoRo,0,
810,RoRo,50,0.25,1.25,D,RoRo,0,
811,Bulk,100,4.75,6.75,C,Bulk,1,
812,Tanker,100,7.75,9.75,A,Tanker,1,
813,Tanker,75,3.0,4.5,A,Tanker,0,
814,Container,150,20.0,23.0,B,Container,5,Others
815,Container,50,18.5,19.5,B,Container,4,LongExpiryDateFood
816,Tanker,100,14.75,16.75,A,Tanker,3,
817,Container,75,10.5,12.0,B,Container,2,LongExpiryDateFood
818,Tanker,75,1.0,2.5,A,Tanker,0,
819,Bulk,150,20.5,23.5,C,Bulk,5,
820,Tanker,50,21.25,22.25,A,Tanker,5,
821,RoRo,75,15.25,16.75,D,RoRo,3,
822,Tanker,100,20.75,22.75,A,Tanker,5,
823,Bulk,100,0.5,2.5,C,Bulk,0,
824,Container,100,12.75,14.75,B,Container,3,LongExpiryDateFood
825,RoRo,150,14.25,17.25,D,RoRo,3,
826,Tanker,100,6.25,8.25,A,Tanker,1,
827,RoRo,150,20.5,23.5,D,RoRo,5,
828,RoRo,100,16.25,18.25,D,RoRo,4,
829,RoRo,100,0.75,2.75,D,RoRo,0,
830,Bulk,75,12.25,13.75,C,Bulk,3,
831,RoRo,150,16.75,19.75,D,RoRo,4,
832,Tanker,100,10.25,12.25,A,Tanker,2,
833,Tanker,100,15.75,17.75,A,Tanker,3,
834,Bulk,50,14.5,15.5,C,Bulk,3,
835,Bulk,50,19.75,20.75,C,Bulk,4,
836,Container,50,19.25,20.25,B,Container,4,Others
837,Container,100,2.0,4.0,B,Container,0,Others
838,Tanker,75,8.75,10.25,A,Tanker,2,
839,RoRo,75,20.5,22.0,D,RoRo,5,
840,RoRo,150,8.75,11.75,D,RoRo,2,
841,Container,150,3.75,6.75,B,Container,0,LongExpiryDateFood
842,Bulk,100,12.0,14.0,C,Bulk,3,
843,Container,75,19.5,21.0,B,Container,4,LongExpiryDateFood
844,Container,75,15.25,16.75,B,Container,3,Others
845,Container,100,7.5,9.5,B,Container,1,Others
846,Container,75,14.0,15.5,B,Container,3,LongExpiryDateFood
847,RoRo,50,11.25,12.25,D,RoRo,2,
848,Container,100,12.5,14.5,B,Container,3,ShortExpiryDateFood
849,RoRo,150,14.25,17.25,D,RoRo,3,
850,Container,100,4.5,6.5,B,Container,1,Others
851,Bulk,75,3.0,4.5,C,Bulk,0,
852,Bulk,75,7.0,8.5,C,Bulk,1,
853,Container,150,20.5,23.5,B,Container,5,Others
854,Bulk,150,13.5,16.5,C,Bulk,3,
855,Tanker,100,11.75,13.75,A,Tanker,2,
856,Container,75,18.0,19.5,B,Container,4,Others
857,Bulk,100,7.75,9.75,C,Bulk,1,
858,RoRo,75,10.75,12.25,D,RoRo,2,
859,Bulk,50,20.25,21.25,C,Bulk,5,
860,RoRo,75,7.0,8.5,D,RoRo,1,
861,RoRo,75,3.5,5.0,D,RoRo,0,
862,Tanker,50,2.5,3.5,A,Tanker,0,
863,Container,100,1.25,3.25,B,Container,0,ShortExpiryDateFood
864,Bulk,50,19.0,20.0,C,Bulk,4,
865,Tanker,50,17.75,18.75,A,Tanker,4,
866,Bulk,50,3.75,4.75,C,Bulk,0,
867,RoRo,50,21.25,22.25,D,RoRo,5,
868,Tanker,75,20.0,21.5,A,Tanker,5,
869,Bulk,50,17.25,18.25,C,Bulk,4,
870,Container,150,19.75,22.75,B,Container,4,LongExpiryDateFood
871,Bulk,150,19.75,22.75,C,Bulk,4,
872,Bulk,75,11.75,13.25,C,Bulk,2,
873,Tanker,75,8.25,9.75,A,Tanker,2,
874,Tanker,50,2.75,3.75,A,Tanker,0,
875,RoRo,100,5.75,7.75,D,RoRo,1,
876,Tanker,50,13.25,14.25,A,Tanker,3,
877,Container,150,7.0,10.0,B,Container,1,ShortExpiryDateFood
878,RoRo,150,18.5,21.5,D,RoRo,4,
879,RoRo,50,15.0,16.0,D,RoRo,3,
880,RoRo,50,0.5,1.5,D,RoRo,0,
881,Container,100,0.0,2.0,B,Container,0,LongExpiryDateFood
882,Bulk,150,5.25,8.25,C,Bulk,1,
883,RoRo,150,18.75,21.75,D,RoRo,4,
884,Tanker,100,8.0,10.0,A,Tanker,2,
885,RoRo,150,20.0,23.0,D,RoRo,5,
886,Container,75,12.0,13.5,B,Container,3,Others
887,Tanker,150,3.75,6.75,A,Tanker,0,
888,Tanker,150,17.25,20.25,A,Tanker,4,
889,RoRo,50,16.25,17.25,D,RoRo,4,
890,Tanker,150,9.75,12.75,A,Tanker,2,
891,Bulk,100,15.75,17.75,C,Bulk,3,
892,RoRo,75,15.75,17.25,D,RoRo,3,
893,Bulk,75,20.5,22.0,C,Bulk,5,
894,RoRo,50,18.5,19.5,D,RoRo,4,
895,Tanker,100,13.5,15.5,A,Tanker,3,
896,Tanker,50,16.5,17.5,A,Tanker,4,
897,RoRo,75,7.0,8.5,D,RoRo,1,
898,Container,100,0.75,2.75,B,Container,0,ShortExpiryDateFood
899,Bulk,100,6.75,8.75,C,Bulk,1,
900,RoRo,75,5.0,6.5,D,RoRo,1,
901,RoRo,75,7.5,9.0,D,RoRo,1,
902,RoRo,150,13.25,16.25,D,RoRo,3,
903,Bulk,75,5.75,7.25,C,Bulk,1,
904,Bulk,75,7.0,8.5,C,Bulk,1,
905,Tanker,100,21.5,23.5,A,Tanker,5,
906,Bulk,100,20.75,22.75,C,Bulk,5,
907,RoRo,75,22.25,23.75,D,RoRo,5,
908,Bulk,100,9.5,11.5,C,Bulk,2,
909,Tanker,50,8.5,9.5,A,Tanker,2,
910,Bulk,50,3.0,4.0,C,Bulk,0,
911,Container,75,1.25,2.75,B,Container,0,Others
912,Tanker,75,7.0,8.5,A,Tanker,1,
913,Container,100,5.0,7.0,B,Container,1,ShortExpiryDateFood
914,Bulk,75,18.25,19.75,C,Bulk,4,
915,Tanker,150,14.75,17.75,A,Tanker,3,
916,Container,100,20.0,22.0,B,Container,5,LongExpiryDateFood
917,Bulk,50,20.75,21.75,C,Bulk,5,
918,Container,75,9.75,11.25,B,Container,2,LongExpiryDateFood
919,Bulk,150,20.75,23.75,C,Bulk,5,
920,Tanker,150,2.5,5.5,A,Tanker,0,
921,Tanker,50,19.75,20.75,A,Tanker,4,
922,Bulk,75,1.5,3.0,C,Bulk,0,
923,Tanker,50,16.25,17.25,A,Tanker,4,
924,Container,50,18.25,19.25,B,Container,4,LongExpiryDateFood
925,Bulk,75,22.0,23.5,C,Bulk,5,
926,RoRo,150,13.5,16.5,D,RoRo,3,
927,Bulk,50,10.75,11.75,C,Bulk,2,
928,Container,150,20.25,23.25,B,Container,5,LongExpiryDateFood
929,Container,150,10.0,13.0,B,Container,2,LongExpiryDateFood
930,Bulk,75,0.0,1.5,C,Bulk,0,
931,Tanker,150,18.25,21.25,A,Tanker,4,
932,Container,75,15.25,16.75,B,Container,3,ShortExpiryDateFood
933,Tanker,50,12.0,13.0,A,Tanker,3,
934,RoRo,100,1.5,3.5,D,RoRo,0,
935,Tanker,100,1.0,3.0,A,Tanker,0,
936,Tanker,100,12.0,14.0,A,Tanker,3,
937,RoRo,50,9.25,10.25,D,RoRo,2,
938,RoRo,75,2.0,3.5,D,RoRo,0,
939,Bulk,100,0.25,2.25,C,Bulk,0,
940,Tanker,100,20.75,22.75,A,Tanker,5,
941,RoRo,100,8.75,10.75,D,RoRo,2,
942,RoRo,50,2.0,3.0,D,RoRo,0,
943,Container,50,12.25,13.25,B,Container,3,Others
944,Container,150,20.0,23.0,B,Container,5,ShortExpiryDateFood
945,Container,150,15.0,18.0,B,Container,3,LongExpiryDateFood
946,Container,150,6.75,9.75,B,Container,1,Others
947,Bulk,100,9.25,11.25,C,Bulk,2,
948,Tanker,75,11.25,12.75,A,Tanker,2,
949,Tanker,50,17.5,18.5,A,Tanker,4,
950,Tanker,150,12.75,15.75,A,Tanker,3,
951,Container,100,7.75,9.75,B,Container,1,Others
952,Bulk,100,10.25,12.25,C,Bulk,2,
953,Container,150,1.75,4.75,B,Container,0,Others
954,Tanker,75,21.75,23.25,A,Tanker,5,
955,RoRo,75,13.75,15.25,D,RoRo,3,
956,Tanker,75,5.75,7.25,A,Tanker,1,
957,Tanker,100,16.0,18.0,A,Tanker,4,
958,Tanker,150,20.75,23.75,A,Tanker,5,
959,Container,50,2.25,3.25,B,Container,0,LongExpiryDateFood
960,Container,75,9.5,11.0,B,Container,2,LongExpiryDateFood
961,RoRo,50,2.25,3.25,D,RoRo,0,
962,Container,75,6.75,8.25,B,Container,1,ShortExpiryDateFood
963,Container,75,6.75,8.25,B,Container,1,ShortExpiryDateFood
964,Bulk,50,0.75,1.75,C,Bulk,0,
965,Container,150,7.0,10.0,B,Container,1,Others
966,Tanker,75,17.25,18.75,A,Tanker,4,
967,Bulk,50,16.25,17.25,C,Bulk,4,
968,Tanker,150,17.0,20.0,A,Tanker,4,
969,Tanker,50,11.5,12.5,A,Tanker,2,
970,Container,100,15.25,17.25,B,Container,3,Others
971,RoRo,75,8.75,10.25,D,RoRo,2,
972,Bulk,50,2.25,3.25,C,Bulk,0,
973,Container,50,19.5,20.5,B,Container,4,Others
974,Container,100,3.5,5.5,B,Container,0,LongExpiryDateFood
975,Container,50,19.25,20.25,B,Container,4,ShortExpiryDateFood
976,Bulk,150,15.75,18.75,C,Bulk,3,
977,RoRo,75,11.25,12.75,D,RoRo,2,
978,Tanker,150,14.0,17.0,A,Tanker,3,
979,Container,75,10.25,11.75,B,Container,2,ShortExpiryDateFood
980,RoRo,100,11.0,13.0,D,RoRo,2,
981,Container,150,14.5,17.5,B,Container,3,LongExpiryDateFood
982,Container,75,3.5,5.0,B,Container,0,LongExpiryDateFood
983,Bulk,100,7.75,9.75,C,Bulk,1,
984,Bulk,50,12.75,13.75,C,Bulk,3,
985,Bulk,75,0.25,1.75,C,Bulk,0,
986,Container,50,15.5,16.5,B,Container,3,LongExpiryDateFood
987,RoRo,50,6.5,7.5,D,RoRo,1,
988,Tanker,50,17.75,18.75,A,Tanker,4,
989,Container,150,10.5,13.5,B,Container,2,ShortExpiryDateFood
990,Container,150,7.0,10.0,B,Container,1,LongExpiryDateFood
991,Tanker,150,18.75,21.75,A,Tanker,4,
992,RoRo,50,10.75,11.75,D,RoRo,2,
993,RoRo,50,1.25,2.25,D,RoRo,0,
994,Bulk,75,17.5,19.0,C,Bulk,4,
995,Container,100,15.25,17.25,B,Container,3,LongExpiryDateFood
996,Container,100,14.5,16.5,B,Container,3,ShortExpiryDateFood
997,Tanker,150,4.25,7.25,A,Tanker,1,
998,Container,150,0.5,3.5,B,Container,0,Others
999,Bulk,50,19.25,20.25,C,Bulk,4,
1000,Tanker,75,7.5,9.0,A,Tanker,1,
1001,Tanker,50,6.25,7.25,A,Tanker,1,
1002,Container,100,3.5,5.5,B,Container,0,LongExpiryDateFood
1003,Container,150,15.25,18.25,B,Container,3,ShortExpiryDateFood
1004,Tanker,150,11.75,14.75,A,Tanker,2,
1005,RoRo,150,20.5,23.5,D,RoRo,5,
1006,Bulk,100,19.5,21.5,C,Bulk,4,
1007,Bulk,150,20.75,23.75,C,Bulk,5,
1008,Tanker,150,4.25,7.25,A,Tanker,1,
1009,RoRo,75,15.75,17.25,D,RoRo,3,
1010,RoRo,50,16.5,17.5,D,RoRo,4,
1011,Container,150,1.25,4.25,B,Container,0,LongExpiryDateFood
1012,Container,100,12.5,14.5,B,Container,3,Others
1013,RoRo,75,19.25,20.75,D,RoRo,4,
1014,Bulk,100,12.0,14.0,C,Bulk,3,
1015,Bulk,50,16.5,17.5,C,Bulk,4,
1016,Container,150,0.25,3.25,B,Container,0,ShortExpiryDateFood
1017,RoRo,150,18.75,21.75,D,RoRo,4,
1018,Container,50,12.0,13.0,B,Container,3,ShortExpiryDateFood
1019,Tanker,100,16.25,18.25,A,Tanker,4,
1020,Tanker,100,6.5,8.5,A,Tanker,1,
1021,Tanker,50,2.25,3.25,A,Tanker,0,
1022,Bulk,150,4.0,7.0,C,Bulk,1,
1023,RoRo,50,3.75,4.75,D,RoRo,0,
1024,Container,50,7.0,8.0,B,Container,1,LongExpiryDateFood
1025,Container,75,8.75,10.25,B,Container,2,ShortExpiryDateFood
1026,Container,50,20.0,21.0,B,Container,5,ShortExpiryDateFood
1027,RoRo,100,9.25,11.25,D,RoRo,2,
1028,RoRo,100,4.25,6.25,D,RoRo,1,
1029,RoRo,100,4.25,6.25,D,RoRo,1,
1030,Bulk,150,17.5,20.5,C,Bulk,4,
1031,Tanker,75,0.75,2.25,A,Tanker,0,
1032,Container,100,11.5,13.5,B,Container,2,ShortExpiryDateFood
1033,RoRo,100,14.0,16.0,D,RoRo,3,
1034,Tanker,100,7.75,9.75,A,Tanker,1,
1035,Tanker,150,17.0,20.0,A,Tanker,4,
1036,RoRo,150,2.0,5.0,D,RoRo,0,
1037,RoRo,50,9.25,10.25,D,RoRo,2,
1038,RoRo,50,4.0,5.0,D,RoRo,1,
1039,RoRo,75,3.0,4.5,D,RoRo,0,
1040,Container,50,14.25,15.25,B,Container,3,Others
1041,Bulk,75,17.25,18.75,C,Bulk,4,
1042,Container,100,21.25,23.25,B,Container,5,LongExpiryDateFood
1043,Bulk,50,4.5,5.5,C,Bulk,1,
1044,Tanker,50,22.0,23.0,A,Tanker,5,
1045,Bulk,150,9.0,12.0,C,Bulk,2,
1046,RoRo,150,14.5,17.5,D,RoRo,3,
1047,Tanker,50,3.0,4.0,A,Tanker,0,
1048,Bulk,100,3.75,5.75,C,Bulk,0,
1049,RoRo,75,20.0,21.5,D,RoRo,5,
1050,RoRo,150,2.5,5.5,D,RoRo,0,
1051,RoRo,150,7.5,10.5,D,RoRo,1,
1052,Container,50,5.25,6.25,B,Container,1,ShortExpiryDateFood
1053,Bulk,75,1.25,2.75,C,Bulk,0,
1054,Bulk,50,11.75,12.75,C,Bulk,2,
1055,Bulk,75,8.5,10.0,C,Bulk,2,
1056,Tanker,150,20.0,23.0,A,Tanker,5,
1057,Tanker,50,12.5,13.5,A,Tanker,3,
1058,Container,50,4.25,5.25,B,Container,1,LongExpiryDateFood
1059,Bulk,75,3.0,4.5,C,Bulk,0,
1060,Bulk,75,20.5,22.0,C,Bulk,5,
1061,Container,50,3.25,4.25,B,Container,0,LongExpiryDateFood
1062,Bulk,50,18.0,19.0,C,Bulk,4,
1063,Tanker,50,16.5,17.5,A,Tanker,4,
1064,Container,75,11.75,13.25,B,Container,2,Others
1065,Container,100,0.25,2.25,B,Container,0,ShortExpiryDateFood
1066,RoRo,50,2.0,3.0,D,RoRo,0,
1067,Container,150,6.5,9.5,B,Container,1,LongExpiryDateFood
1068,Container,150,14.5,17.5,B,Container,3,LongExpiryDateFood
1069,RoRo,100,2.0,4.0,D,RoRo,0,
1070,RoRo,50,22.5,23.5,D,RoRo,5,
1071,Tanker,150,13.75,16.75,A,Tanker,3,
1072,Container,50,10.0,11.0,B,Container,2,Others
1073,RoRo,75,2.75,4.25,D,RoRo,0,
1074,RoRo,150,10.25,13.25,D,RoRo,2,
1075,Bulk,50,1.0,2.0,C,Bulk,0,
1076,Tanker,150,1.0,4.0,A,Tanker,0,
1077,RoRo,75,11.75,13.25,D,RoRo,2,
1078,Container,50,9.5,10.5,B,Container,2,Others
1079,Tanker,100,19.25,21.25,A,Tanker,4,
1080,RoRo,50,3.75,4.75,D,RoRo,0,
1081,RoRo,50,16.0,17.0,D,RoRo,4,
1082,Tanker,100,19.25,21.25,A,Tanker,4,
1083,Container,100,0.5,2.5,B,Container,0,Others
1084,Bulk,50,0.0,1.0,C,Bulk,0,
1085,Bulk,75,15.0,16.5,C,Bulk,3,
1086,Tanker,150,9.5,12.5,A,Tanker,2,
1087,RoRo,50,16.5,17.5,D,RoRo,4,
1088,Container,100,21.5,23.5,B,Container,5,LongExpiryDateFood
1089,Tanker,100,9.25,11.25,A,Tanker,2,
1090,Tanker,150,1.25,4.25,A,Tanker,0,
1091,Tanker,50,1.25,2.25,A,Tanker,0,
1092,Container,75,21.25,22.75,B,Container,5,Others
1093,Tanker,150,10.5,13.5,A,Tanker,2,
1094,RoRo,100,7.75,9.75,D,RoRo,1,
1095,Bulk,50,21.0,22.0,C,Bulk,5,
1096,Tanker,100,5.0,7.0,A,Tanker,1,
1097,Bulk,150,4.0,7.0,C,Bulk,1,
1098,Tanker,100,12.5,14.5,A,Tanker,3,
1099,RoRo,150,13.0,16.0,D,RoRo,3,
1100,Bulk,100,10.5,12.5,C,Bulk,2,
1101,Container,100,13.5,15.5,B,Container,3,ShortExpiryDateFood
1102,Tanker,75,10.0,11.5,A,Tanker,2,
1103,Container,100,8.25,10.25,B,Container,2,Others
1104,Tanker,50,12.25,13.25,A,Tanker,3,
1105,Tanker,100,5.75,7.75,A,Tanker,1,
1106,Bulk,75,16.25,17.75,C,Bulk,4,
1107,Tanker,100,14.75,16.75,A,Tanker,3,
1108,RoRo,50,10.25,11.25,D,RoRo,2,
1109,Bulk,50,19.5,20.5,C,Bulk,4,
1110,RoRo,100,20.25,22.25,D,RoRo,5,
1111,Tanker,75,20.0,21.5,A,Tanker,5,
1112,Bulk,150,6.25,9.25,C,Bulk,1,
1113,Container,100,9.75,11.75,B,Container,2,LongExpiryDateFood
1114,Bulk,150,8.25,11.25,C,Bulk,2,
1115,Container,50,8.75,9.75,B,Container,2,Others
1116,Container,75,8.75,10.25,B,Container,2,Others
1117,Container,50,0.25,1.25,B,Container,0,ShortExpiryDateFood
1118,Bulk,100,2.75,4.75,C,Bulk,0,
1119,Bulk,75,3.75,5.25,C,Bulk,0,
1120,Container,75,6.75,8.25,B,Container,1,LongExpiryDateFood
1121,Container,50,0.25,1.25,B,Container,0,ShortExpiryDateFood
1122,Tanker,75,11.0,12.5,A,Tanker,2,
1123,Bulk,150,7.75,10.75,C,Bulk,1,
1124,RoRo,50,0.75,1.75,D,RoRo,0,
1125,RoRo,100,19.5,21.5,D,RoRo,4,
1126,Container,100,6.75,8.75,B,Container,1,ShortExpiryDateFood
1127,Bulk,150,14.0,17.0,C,Bulk,3,
1128,Tanker,100,5.25,7.25,A,Tanker,1,
1129,Tanker,50,4.25,5.25,A,Tanker,1,
1130,RoRo,100,4.25,6.25,D,RoRo,1,
1131,RoRo,100,11.75,13.75,D,RoRo,2,
1132,Tanker,150,1.75,4.75,A,Tanker,0,
1133,RoRo,150,13.0,16.0,D,RoRo,3,
1134,Container,150,19.75,22.75,B,Container,4,Others
1135,Container,50,0.0,1.0,B,Container,0,ShortExpiryDateFood
1136,Bulk,50,19.0,20.0,C,Bulk,4,
1137,Bulk,75,13.5,15.0,C,Bulk,3,
1138,RoRo,50,10.25,11.25,D,RoRo,2,
1139,RoRo,50,3.5,4.5,D,RoRo,0,
1140,Tanker,100,7.5,9.5,A,Tanker,1,
1141,Container,150,8.0,11.0,B,Container,2,LongExpiryDateFood
1142,Container,50,7.5,8.5,B,Container,1,LongExpiryDateFood
1143,Container,75,13.5,15.0,B,Container,3,Others
1144,Bulk,50,17.0,18.0,C,Bulk,4,
1145,RoRo,150,12.75,15.75,D,RoRo,3,
1146,RoRo,75,7.25,8.75,D,RoRo,1,
1147,RoRo,50,22.75,23.75,D,RoRo,5,
1148,RoRo,75,7.25,8.75,D,RoRo,1,
1149,Tanker,75,19.0,20.5,A,Tanker,4,
1150,Bulk,150,7.5,10.5,C,Bulk,1,
1151,Tanker,100,3.75,5.75,A,Tanker,0,
1152,RoRo,50,11.5,12.5,D,RoRo,2,
1153,Tanker,150,5.0,8.0,A,Tanker,1,
1154,Bulk,150,8.5,11.5,C,Bulk,2,
1155,Bulk,50,0.0,1.0,C,Bulk,0,
1156,RoRo,150,8.25,11.25,D,RoRo,2,
1157,Bulk,75,17.25,18.75,C,Bulk,4,
1158,Container,150,2.0,5.0,B,Container,0,LongExpiryDateFood
1159,Tanker,150,8.25,11.25,A,Tanker,2,
1160,Container,150,0.0,3.0,B,Container,0,LongExpiryDateFood
1161,Tanker,100,12.5,14.5,A,Tanker,3,
1162,Tanker,75,16.0,17.5,A,Tanker,4,
1163,Container,100,5.75,7.75,B,Container,1,Others
1164,Bulk,100,0.25,2.25,C,Bulk,0,
1165,Bulk,50,13.75,14.75,C,Bulk,3,
1166,Container,100,18.5,20.5,B,Container,4,LongExpiryDateFood
1167,RoRo,75,10.0,11.5,D,RoRo,2,
1168,Tanker,50,13.5,14.5,A,Tanker,3,
1169,Bulk,75,10.25,11.75,C,Bulk,2,
1170,Tanker,100,13.75,15.75,A,Tanker,3,
1171,Tanker,100,15.75,17.75,A,Tanker,3,
1172,Bulk,100,15.5,17.5,C,Bulk,3,
1173,Bulk,100,15.25,17.25,C,Bulk,3,
1174,Container,100,17.75,19.75,B,Container,4,Others
1175,Container,150,19.5,22.5,B,Container,4,ShortExpiryDateFood
1176,Container,75,17.0,18.5,B,Container,4,ShortExpiryDateFood
1177,Tanker,75,10.5,12.0,A,Tanker,2,
1178,Container,100,5.25,7.25,B,Container,1,Others
1179,Container,50,6.0,7.0,B,Container,1,ShortExpiryDateFood
1180,RoRo,50,12.75,13.75,D,RoRo,3,
1181,Container,75,19.25,20.75,B,Container,4,ShortExpiryDateFood
1182,Tanker,100,20.25,22.25,A,Tanker,5,
1183,RoRo,75,8.5,10.0,D,RoRo,2,
1184,Tanker,100,21.75,23.75,A,Tanker,5,
1185,Tanker,50,17.5,18.5,A,Tanker,4,
1186,Tanker,75,9.0,10.5,A,Tanker,2,
1187,RoRo,100,2.5,4.5,D,RoRo,0,
1188,Container,75,11.75,13.25,B,Container,2,Others
1189,Tanker,50,22.0,23.0,A,Tanker,5,
1190,RoRo,150,6.5,9.5,D,RoRo,1,
1191,Tanker,75,7.75,9.25,A,Tanker,1,
1192,RoRo,75,22.25,23.75,D,RoRo,5,
1193,Container,150,18.5,21.5,B,Container,4,LongExpiryDateFood
1194,RoRo,75,6.5,8.0,D,RoRo,1,
1195,RoRo,75,21.5,23.0,D,RoRo,5,
1196,RoRo,150,3.0,6.0,D,RoRo,0,
1197,RoRo,100,17.25,19.25,D,RoRo,4,
1198,Tanker,150,16.5,19.5,A,Tanker,4,
1199,RoRo,75,18.75,20.25,D,RoRo,4,
1200,Tanker,150,4.25,7.25,A,Tanker,1,
1201,Tanker,100,16.5,18.5,A,Tanker,4,
1202,Bulk,100,2.25,4.25,C,Bulk,0,
1203,Tanker,75,1.25,2.75,A,Tanker,0,
1204,Container,75,5.5,7.0,B,Container,1,Others
1205,Container,150,12.0,15.0,B,Container,3,LongExpiryDateFood
1206,Container,50,12.0,13.0,B,Container,3,ShortExpiryDateFood
1207,Bulk,75,16.5,18.0,C,Bulk,4,
1208,Container,150,12.75,15.75,B,Container,3,ShortExpiryDateFood
1209,Tanker,50,10.5,11.5,A,Tanker,2,
1210,Bulk,150,7.5,10.5,C,Bulk,1,
1211,Bulk,75,4.25,5.75,C,Bulk,1,
1212,Tanker,150,16.0,19.0,A,Tanker,4,
1213,Tanker,100,3.25,5.25,A,Tanker,0,
1214,Bulk,150,14.0,17.0,C,Bulk,3,
1215,Tanker,50,18.0,19.0,A,Tanker,4,
1216,Container,100,8.75,10.75,B,Container,2,ShortExpiryDateFood
1217,Bulk,50,3.0,4.0,C,Bulk,0,
1218,Tanker,75,21.0,22.5,A,Tanker,5,
1219,Bulk,50,22.5,23.5,C,Bulk,5,
1220,Tanker,50,2.5,3.5,A,Tanker,0,
1221,Bulk,50,15.75,16.75,C,Bulk,3,
1222,RoRo,75,18.5,20.0,D,RoRo,4,
1223,Container,150,16.75,19.75,B,Container,4,LongExpiryDateFood
1224,Bulk,100,15.25,17.25,C,Bulk,3,
1225,RoRo,75,12.25,13.75,D,RoRo,3,
1226,Container,50,0.25,1.25,B,Container,0,LongExpiryDateFood
1227,Container,75,5.75,7.25,B,Container,1,Others
1228,Tanker,75,16.0,17.5,A,Tanker,4,
1229,Tanker,75,19.5,21.0,A,Tanker,4,
1230,Container,50,10.25,11.25,B,Container,2,LongExpiryDateFood
1231,Tanker,100,19.25,21.25,A,Tanker,4,
1232,RoRo,50,5.5,6.5,D,RoRo,1,
1233,Tanker,50,16.75,17.75,A,Tanker,4,
1234,RoRo,100,13.5,15.5,D,RoRo,3,
1235,Bulk,50,13.0,14.0,C,Bulk,3,
1236,Container,50,22.0,23.0,B,Container,5,Others
1237,Bulk,75,20.5,22.0,C,Bulk,5,
1238,RoRo,50,1.0,2.0,D,RoRo,0,
1239,Tanker,100,10.75,12.75,A,Tanker,2,
1240,Container,50,15.0,16.0,B,Container,3,LongExpiryDateFood
1241,RoRo,150,7.75,10.75,D,RoRo,1,
1242,Tanker,75,3.75,5.25,A,Tanker,0,
1243,Container,150,17.0,20.0,B,Container,4,Others
1244,Container,100,11.25,13.25,B,Container,2,LongExpiryDateFood
1245,Tanker,150,9.75,12.75,A,Tanker,2,
1246,RoRo,50,2.0,3.0,D,RoRo,0,
1247,Bulk,150,13.0,16.0,C,Bulk,3,
1248,Bulk,75,11.75,13.25,C,Bulk,2,
1249,Bulk,150,0.75,3.75,C,Bulk,0,
1250,RoRo,100,8.5,10.5,D,RoRo,2,
1251,Container,75,3.25,4.75,B,Container,0,Others
1252,Container,50,3.75,4.75,B,Container,0,Others
1253,Container,150,2.5,5.5,B,Container,0,ShortExpiryDateFood
1254,Tanker,50,17.75,18.75,A,Tanker,4,
1255,RoRo,75,1.25,2.75,D,RoRo,0,
1256,RoRo,75,15.75,17.25,D,RoRo,3,
1257,Container,100,14.0,16.0,B,Container,3,Others
1258,RoRo,75,17.0,18.5,D,RoRo,4,
1259,Tanker,50,0.75,1.75,A,Tanker,0,
1260,Bulk,100,0.75,2.75,C,Bulk,0,
1261,Container,100,16.0,18.0,B,Container,4,Others
1262,Bulk,50,10.25,11.25,C,Bulk,2,
1263,Container,75,12.5,14.0,B,Container,3,Others
1264,RoRo,50,0.75,1.75,D,RoRo,0,
1265,RoRo,50,19.5,20.5,D,RoRo,4,
1266,RoRo,100,2.25,4.25,D,RoRo,0,
1267,RoRo,50,19.75,20.75,D,RoRo,4,
1268,RoRo,100,6.5,8.5,D,RoRo,1,
1269,Tanker,50,13.0,14.0,A,Tanker,3,
1270,RoRo,50,17.75,18.75,D,RoRo,4,
1271,RoRo,100,18.75,20.75,D,RoRo,4,
1272,Bulk,150,17.5,20.5,C,Bulk,4,
1273,Bulk,75,21.75,23.25,C,Bulk,5,
1274,Bulk,100,11.5,13.5,C,Bulk,2,
1275,Bulk,75,3.75,5.25,C,Bulk,0,
1276,RoRo,100,6.75,8.75,D,RoRo,1,
1277,RoRo,75,20.0,21.5,D,RoRo,5,
1278,Bulk,50,2.5,3.5,C,Bulk,0,
1279,Bulk,150,16.0,19.0,C,Bulk,4,
1280,RoRo,75,10.5,12.0,D,RoRo,2,
1281,Bulk,50,21.0,22.0,C,Bulk,5,
1282,Tanker,50,16.75,17.75,A,Tanker,4,
1283,Bulk,100,10.0,12.0,C,Bulk,2,
1284,Container,100,20.5,22.5,B,Container,5,ShortExpiryDateFood
1285,RoRo,75,18.5,20.0,D,RoRo,4,
1286,Bulk,100,11.75,13.75,C,Bulk,2,
1287,Bulk,75,9.25,10.75,C,Bulk,2,
1288,RoRo,150,4.25,7.25,D,RoRo,1,
1289,Tanker,75,8.0,9.5,A,Tanker,2,
1290,Container,100,7.0,9.0,B,Container,1,Others
1291,RoRo,150,11.0,14.0,D,RoRo,2,
1292,Tanker,75,17.75,19.25,A,Tanker,4,
1293,RoRo,100,2.25,4.25,D,RoRo,0,
1294,Bulk,75,15.5,17.0,C,Bulk,3,
1295,Bulk,100,14.0,16.0,C,Bulk,3,
1296,Container,100,2.5,4.5,B,Container,0,Others
1297,Container,50,5.5,6.5,B,Container,1,ShortExpiryDateFood
1298,Container,100,18.5,20.5,B,Container,4,ShortExpiryDateFood
1299,Tanker,50,18.75,19.75,A,Tanker,4,
1300,RoRo,150,17.0,20.0,D,RoRo,4,
1301,Tanker,100,2.25,4.25,A,Tanker,0,
1302,RoRo,75,2.5,4.0,D,RoRo,0,
1303,Tanker,150,5.5,8.5,A,Tanker,1,
1304,Tanker,100,17.5,19.5,A,Tanker,4,
1305,RoRo,75,6.5,8.0,D,RoRo,1,
1306,Bulk,75,2.5,4.0,C,Bulk,0,
1307,Tanker,75,19.25,20.75,A,Tanker,4,
1308,RoRo,100,11.25,13.25,D,RoRo,2,
1309,Tanker,50,7.0,8.0,A,Tanker,1,
1310,Bulk,150,9.5,12.5,C,Bulk,2,
1311,Tanker,75,9.0,10.5,A,Tanker,2,
1312,RoRo,50,8.5,9.5,D,RoRo,2,
1313,RoRo,75,5.0,6.5,D,RoRo,1,
1314,RoRo,50,12.0,13.0,D,RoRo,3,
1315,RoRo,100,13.25,15.25,D,RoRo,3,
1316,Bulk,75,0.0,1.5,C,Bulk,0,
1317,Container,150,17.25,20.25,B,Container,4,Others
1318,RoRo,75,19.0,20.5,D,RoRo,4,
1319,RoRo,50,9.0,10.0,D,RoRo,2,
1320,Bulk,75,17.75,19.25,C,Bulk,4,
1321,Tanker,50,14.0,15.0,A,Tanker,3,
1322,RoRo,75,3.0,4.5,D,RoRo,0,
1323,Bulk,100,8.75,10.75,C,Bulk,2,
1324,RoRo,100,16.25,18.25,D,RoRo,4,
1325,RoRo,100,15.75,17.75,D,RoRo,3,
1326,RoRo,50,18.25,19.25,D,RoRo,4,
1327,Bulk,75,1.25,2.75,C,Bulk,0,
1328,Tanker,100,2.0,4.0,A,Tanker,0,
1329,Bulk,50,3.5,4.5,C,Bulk,0,
1330,Container,50,1.25,2.25,B,Container,0,LongExpiryDateFood
1331,Container,75,8.75,10.25,B,Container,2,ShortExpiryDateFood
1332,RoRo,150,3.5,6.5,D,RoRo,0,
1333,Tanker,100,12.25,14.25,A,Tanker,3,
1334,Tanker,75,20.5,22.0,A,Tanker,5,
1335,Container,150,2.25,5.25,B,Container,0,Others
1336,RoRo,50,1.75,2.75,D,RoRo,0,
1337,RoRo,50,10.75,11.75,D,RoRo,2,
1338,RoRo,75,14.75,16.25,D,RoRo,3,
1339,Tanker,100,3.5,5.5,A,Tanker,0,
1340,Tanker,100,11.0,13.0,A,Tanker,2,
1341,Bulk,50,22.0,23.0,C,Bulk,5,
1342,RoRo,150,0.75,3.75,D,RoRo,0,
1343,Container,75,10.5,12.0,B,Container,2,LongExpiryDateFood
1344,Tanker,50,12.25,13.25,A,Tanker,3,
1345,RoRo,75,4.0,5.5,D,RoRo,1,
1346,RoRo,150,14.25,17.25,D,RoRo,3,
1347,Container,50,7.75,8.75,B,Container,1,Others
1348,Bulk,75,14.75,16.25,C,Bulk,3,
1349,Tanker,100,19.75,21.75,A,Tanker,4,
1350,RoRo,75,12.0,13.5,D,RoRo,3,
1351,Tanker,150,6.25,9.25,A,Tanker,1,
1352,Container,50,8.75,9.75,B,Container,2,LongExpiryDateFood
1353,Bulk,75,10.25,11.75,C,Bulk,2,
1354,Bulk,150,9.75,12.75,C,Bulk,2,
1355,RoRo,75,19.25,20.75,D,RoRo,4,
1356,Container,75,18.0,19.5,B,Container,4,LongExpiryDateFood
1357,Tanker,150,4.0,7.0,A,Tanker,1,
1358,Tanker,50,12.25,13.25,A,Tanker,3,
1359,RoRo,75,9.25,10.75,D,RoRo,2,
1360,Container,50,10.25,11.25,B,Container,2,LongExpiryDateFood
1361,RoRo,150,16.25,19.25,D,RoRo,4,
1362,Container,50,17.5,18.5,B,Container,4,ShortExpiryDateFood
1363,Bulk,50,11.75,12.75,C,Bulk,2,
1364,RoRo,75,19.25,20.75,D,RoRo,4,
1365,Bulk,50,21.25,22.25,C,Bulk,5,
1366,Tanker,100,2.0,4.0,A,Tanker,0,
1367,RoRo,150,9.75,12.75,D,RoRo,2,
1368,Container,75,12.25,13.75,B,Container,3,LongExpiryDateFood
1369,Bulk,150,17.75,20.75,C,Bulk,4,
1370,Bulk,50,3.0,4.0,C,Bulk,0,
1371,Container,100,11.25,13.25,B,Container,2,Others
1372,Container,50,2.0,3.0,B,Container,0,Others
1373,RoRo,75,1.5,3.0,D,RoRo,0,
1374,Bulk,75,0.5,2.0,C,Bulk,0,
1375,RoRo,50,2.0,3.0,D,RoRo,0,
1376,RoRo,50,21.5,22.5,D,RoRo,5,
1377,RoRo,75,13.25,14.75,D,RoRo,3,
1378,Container,150,5.5,8.5,B,Container,1,Others
1379,Container,50,11.5,12.5,B,Container,2,LongExpiryDateFood
1380,Bulk,100,20.25,22.25,C,Bulk,5,
1381,Tanker,150,9.25,12.25,A,Tanker,2,
1382,Bulk,100,8.75,10.75,C,Bulk,2,
1383,Tanker,150,16.0,19.0,A,Tanker,4,
1384,Bulk,100,10.75,12.75,C,Bulk,2,
1385,RoRo,150,7.5,10.5,D,RoRo,1,
1386,RoRo,75,11.25,12.75,D,RoRo,2,
1387,Tanker,150,20.5,23.5,A,Tanker,5,
1388,RoRo,75,6.0,7.5,D,RoRo,1,
1389,Bulk,100,5.5,7.5,C,Bulk,1,
1390,RoRo,100,0.25,2.25,D,RoRo,0,
1391,Container,50,16.0,17.0,B,Container,4,LongExpiryDateFood
1392,RoRo,150,18.5,21.5,D,RoRo,4,
1393,Bulk,50,14.0,15.0,C,Bulk,3,
1394,Container,150,0.0,3.0,B,Container,0,LongExpiryDateFood
1395,RoRo,150,4.0,7.0,D,RoRo,1,
1396,Bulk,50,2.75,3.75,C,Bulk,0,
1397,Container,50,2.25,3.25,B,Container,0,ShortExpiryDateFood
1398,Bulk,75,10.0,11.5,C,Bulk,2,
1399,RoRo,75,19.5,21.0,D,RoRo,4,
1400,Tanker,50,0.0,1.0,A,Tanker,0,
1401,Tanker,50,22.5,23.5,A,Tanker,5,
1402,Container,100,11.75,13.75,B,Container,2,Others
1403,RoRo,150,19.75,22.75,D,RoRo,4,
1404,Container,75,18.0,19.5,B,Container,4,ShortExpiryDateFood
1405,RoRo,100,4.0,6.0,D,RoRo,1,
1406,Container,50,22.5,23.5,B,Container,5,Others
1407,Container,100,15.0,17.0,B,Container,3,Others
1408,Container,75,14.5,16.0,B,Container,3,LongExpiryDateFood
1409,RoRo,100,7.75,9.75,D,RoRo,1,
1410,Tanker,75,21.0,22.5,A,Tanker,5,
1411,RoRo,50,3.25,4.25,D,RoRo,0,
1412,Bulk,50,11.0,12.0,C,Bulk,2,
1413,Bulk,100,8.0,10.0,C,Bulk,2,
1414,Bulk,75,6.75,8.25,C,Bulk,1,
1415,RoRo,75,0.25,1.75,D,RoRo,0,
1416,RoRo,100,10.25,12.25,D,RoRo,2,
1417,RoRo,100,20.0,22.0,D,RoRo,5,
1418,Bulk,75,12.75,14.25,C,Bulk,3,
1419,RoRo,75,8.5,10.0,D,RoRo,2,
1420,Container,100,18.75,20.75,B,Container,4,LongExpiryDateFood
1421,Tanker,150,1.75,4.75,A,Tanker,0,
1422,Bulk,50,17.0,18.0,C,Bulk,4,
1423,RoRo,150,11.25,14.25,D,RoRo,2,
1424,Bulk,75,15.0,16.5,C,Bulk,3,
1425,Tanker,100,4.25,6.25,A,Tanker,1,
1426,Bulk,100,0.75,2.75,C,Bulk,0,
1427,Container,50,18.75,19.75,B,Container,4,Others
1428,Tanker,50,6.5,7.5,A,Tanker,1,
1429,Tanker,100,11.25,13.25,A,Tanker,2,
1430,RoRo,50,7.5,8.5,D,RoRo,1,
1431,Container,50,14.25,15.25,B,Container,3,ShortExpiryDateFood
1432,Container,150,7.25,10.25,B,Container,1,Others
1433,Container,150,0.75,3.75,B,Container,0,Others
1434,Bulk,150,9.25,12.25,C,Bulk,2,
1435,RoRo,50,1.5,2.5,D,RoRo,0,
1436,Container,75,6.0,7.5,B,Container,1,Others
1437,Bulk,50,5.5,6.5,C,Bulk,1,
1438,Tanker,50,13.0,14.0,A,Tanker,3,
1439,RoRo,75,5.75,7.25,D,RoRo,1,
1440,RoRo,100,9.75,11.75,D,RoRo,2,
1441,Bulk,100,1.5,3.5,C,Bulk,0,
1442,Tanker,100,17.5,19.5,A,Tanker,4,
1443,Container,150,11.75,14.75,B,Container,2,LongExpiryDateFood
1444,Tanker,100,3.5,5.5,A,Tanker,0,
1445,Bulk,75,22.25,23.75,C,Bulk,5,
1446,Container,50,22.5,23.5,B,Container,5,ShortExpiryDateFood
1447,Bulk,150,20.75,23.75,C,Bulk,5,
1448,RoRo,150,15.25,18.25,D,RoRo,3,
1449,RoRo,150,15.0,18.0,D,RoRo,3,
1450,RoRo,100,10.25,12.25,D,RoRo,2,
1451,Container,150,12.5,15.5,B,Container,3,LongExpiryDateFood
1452,Bulk,50,0.5,1.5,C,Bulk,0,
1453,RoRo,75,8.75,10.25,D,RoRo,2,
1454,RoRo,100,19.0,21.0,D,RoRo,4,
1455,RoRo,75,15.75,17.25,D,RoRo,3,
1456,Container,100,17.75,19.75,B,Container,4,ShortExpiryDateFood
1457,Tanker,75,19.0,20.5,A,Tanker,4,
1458,Tanker,100,17.75,19.75,A,Tanker,4,
1459,RoRo,50,7.0,8.0,D,RoRo,1,
1460,Tanker,100,13.5,15.5,A,Tanker,3,
1461,RoRo,75,5.75,7.25,D,RoRo,1,
1462,Bulk,100,11.0,13.0,C,Bulk,2,
1463,Tanker,100,6.75,8.75,A,Tanker,1,
1464,RoRo,50,7.25,8.25,D,RoRo,1,
1465,Container,150,2.75,5.75,B,Container,0,LongExpiryDateFood
1466,Bulk,75,15.25,16.75,C,Bulk,3,
1467,Bulk,100,2.75,4.75,C,Bulk,0,
1468,Bulk,100,10.5,12.5,C,Bulk,2,
1469,Tanker,75,10.5,12.0,A,Tanker,2,
1470,Bulk,75,19.25,20.75,C,Bulk,4,
1471,Container,150,12.0,15.0,B,Container,3,ShortExpiryDateFood
1472,Container,150,9.5,12.5,B,Container,2,LongExpiryDateFood
1473,RoRo,100,16.0,18.0,D,RoRo,4,
1474,Container,150,20.5,23.5,B,Container,5,LongExpiryDateFood
1475,Container,150,18.75,21.75,B,Container,4,LongExpiryDateFood
1476,Bulk,100,6.5,8.5,C,Bulk,1,
1477,Bulk,150,10.0,13.0,C,Bulk,2,
1478,RoRo,75,2.5,4.0,D,RoRo,0,
1479,RoRo,100,10.75,12.75,D,RoRo,2,
1480,Container,150,9.5,12.5,B,Container,2,LongExpiryDateFood
1481,Tanker,50,20.5,21.5,A,Tanker,5,
1482,RoRo,100,1.75,3.75,D,RoRo,0,
1483,Container,75,19.25,20.75,B,Container,4,LongExpiryDateFood
1484,Bulk,100,7.5,9.5,C,Bulk,1,
1485,Tanker,50,6.75,7.75,A,Tanker,1,
1486,Tanker,100,15.0,17.0,A,Tanker,3,
1487,Bulk,100,21.0,23.0,C,Bulk,5,
1488,Tanker,150,7.0,10.0,A,Tanker,1,
1489,Tanker,75,3.0,4.5,A,Tanker,0,
1490,Container,50,13.0,14.0,B,Container,3,ShortExpiryDateFood
1491,Tanker,100,13.5,15.5,A,Tanker,3,
1492,Bulk,50,22.5,23.5,C,Bulk,5,
1493,RoRo,150,15.75,18.75,D,RoRo,3,
1494,Bulk,50,7.5,8.5,C,Bulk,1,
1495,RoRo,100,6.25,8.25,D,RoRo,1,
1496,Tanker,75,11.5,13.0,A,Tanker,2,
1497,Tanker,100,1.5,3.5,A,Tanker,0,
1498,Tanker,150,12.25,15.25,A,Tanker,3,
1499,Bulk,50,0.75,1.75,C,Bulk,0,
1500,Tanker,150,17.5,20.5,A,Tanker,4,
1501,Container,50,8.75,9.75,B,Container,2,LongExpiryDateFood
1502,Bulk,50,4.5,5.5,C,Bulk,1,
1503,Tanker,150,12.75,15.75,A,Tanker,3,
1504,RoRo,150,20.25,23.25,D,RoRo,5,
1505,RoRo,50,22.0,23.0,D,RoRo,5,
1506,Bulk,75,17.75,19.25,C,Bulk,4,
1507,RoRo,100,15.75,17.75,D,RoRo,3,
1508,RoRo,150,4.25,7.25,D,RoRo,1,
1509,RoRo,50,7.75,8.75,D,RoRo,1,
1510,Container,100,5.0,7.0,B,Container,1,LongExpiryDateFood
1511,Tanker,150,5.0,8.0,A,Tanker,1,
1512,RoRo,150,1.75,4.75,D,RoRo,0,
1513,Container,75,17.0,18.5,B,Container,4,LongExpiryDateFood
1514,Bulk,50,20.25,21.25,C,Bulk,5,
1515,RoRo,150,9.5,12.5,D,RoRo,2,
1516,RoRo,100,4.5,6.5,D,RoRo,1,
1517,Container,100,20.5,22.5,B,Container,5,ShortExpiryDateFood
1518,RoRo,50,13.75,14.75,D,RoRo,3,
1519,RoRo,50,1.75,2.75,D,RoRo,0,
1520,Tanker,100,14.75,16.75,A,Tanker,3,
1521,Container,150,15.0,18.0,B,Container,3,Others
1522,Bulk,100,11.5,13.5,C,Bulk,2,
1523,Container,50,15.0,16.0,B,Container,3,LongExpiryDateFood
1524,Container,50,1.25,2.25,B,Container,0,ShortExpiryDateFood
1525,Bulk,150,1.0,4.0,C,Bulk,0,
1526,RoRo,75,18.25,19.75,D,RoRo,4,
1527,RoRo,50,10.5,11.5,D,RoRo,2,
1528,Tanker,100,11.75,13.75,A,Tanker,2,
1529,Tanker,75,13.5,15.0,A,Tanker,3,
1530,Bulk,75,7.0,8.5,C,Bulk,1,
1531,Tanker,150,9.25,12.25,A,Tanker,2,
1532,Tanker,150,8.25,11.25,A,Tanker,2,
1533,Container,100,18.75,20.75,B,Container,4,LongExpiryDateFood
1534,RoRo,100,12.75,14.75,D,RoRo,3,
1535,Bulk,100,3.75,5.75,C,Bulk,0,
1536,Container,50,6.0,7.0,B,Container,1,ShortExpiryDateFood
1537,RoRo,150,0.5,3.5,D,RoRo,0,
1538,Bulk,100,14.5,16.5,C,Bulk,3,
1539,RoRo,150,9.75,12.75,D,RoRo,2,
1540,Tanker,75,22.25,23.75,A,Tanker,5,
1541,Container,100,15.5,17.5,B,Container,3,LongExpiryDateFood
1542,Container,100,6.5,8.5,B,Container,1,Others
1543,RoRo,100,19.25,21.25,D,RoRo,4,
1544,RoRo,50,21.5,22.5,D,RoRo,5,
1545,Container,100,18.0,20.0,B,Container,4,ShortExpiryDateFood
1546,Container,50,9.5,10.5,B,Container,2,LongExpiryDateFood
1547,Bulk,150,3.5,6.5,C,Bulk,0,
1548,Container,50,22.75,23.75,B,Container,5,Others
1549,Container,50,17.0,18.0,B,Container,4,ShortExpiryDateFood
1550,Bulk,100,14.75,16.75,C,Bulk,3,
1551,Bulk,150,11.25,14.25,C,Bulk,2,
1552,Container,100,21.25,23.25,B,Container,5,ShortExpiryDateFood
1553,Container,75,9.0,10.5,B,Container,2,ShortExpiryDateFood
1554,Container,50,22.25,23.25,B,Container,5,ShortExpiryDateFood
1555,Tanker,150,2.0,5.0,A,Tanker,0,
1556,RoRo,100,17.5,19.5,D,RoRo,4,
1557,Bulk,50,16.25,17.25,C,Bulk,4,
1558,RoRo,50,18.5,19.5,D,RoRo,4,
1559,Bulk,75,10.25,11.75,C,Bulk,2,
1560,RoRo,75,21.5,23.0,D,RoRo,5,
1561,Tanker,75,11.25,12.75,A,Tanker,2,
1562,Bulk,50,18.25,19.25,C,Bulk,4,
1563,RoRo,75,10.25,11.75,D,RoRo,2,
1564,Bulk,150,17.0,20.0,C,Bulk,4,
1565,Container,50,11.5,12.5,B,Container,2,Others
1566,Tanker,100,1.5,3.5,A,Tanker,0,
1567,RoRo,75,17.5,19.0,D,RoRo,4,
1568,RoRo,50,12.5,13.5,D,RoRo,3,
1569,Bulk,50,12.75,13.75,C,Bulk,3,
1570,Tanker,150,8.75,11.75,A,Tanker,2,
1571,Tanker,75,6.5,8.0,A,Tanker,1,
1572,RoRo,50,22.0,23.0,D,RoRo,5,
1573,Container,75,8.25,9.75,B,Container,2,Others
1574,Container,100,3.25,5.25,B,Container,0,LongExpiryDateFood
1575,Bulk,100,0.75,2.75,C,Bulk,0,
2040,Container,100,11.75,13.75,B,Container,2,Others
2041,Bulk,75,8.0,9.5,C,Bulk,2,
2042,Bulk,100,9.75,11.75,C,Bulk,2,
2043,Tanker,50,13.75,14.75,A,Tanker,3,
2044,Tanker,50,21.0,22.0,A,Tanker,5,
2045,Container,150,13.75,16.75,B,Container,3,ShortExpiryDateFood
2046,Container,150,6.25,9.25,B,Container,1,Others
2047,Tanker,75,8.0,9.5,A,Tanker,2,
2048,RoRo,100,8.75,10.75,D,RoRo,2,
2049,RoRo,100,19.25,21.25,D,RoRo,4,
2050,Container,75,18.25,19.75,B,Container,4,ShortExpiryDateFood
2051,Container,75,9.25,10.75,B,Container,2,Others
2052,Tanker,75,2.75,4.25,A,Tanker,0,
2053,RoRo,50,14.25,15.25,D,RoRo,3,
2054,RoRo,75,1.75,3.25,D,RoRo,0,
2055,RoRo,100,4.5,6.5,D,RoRo,1,
2056,Bulk,150,14.5,17.5,C,Bulk,3,
2057,Bulk,50,17.5,18.5,C,Bulk,4,
2058,Container,75,3.5,5.0,B,Container,0,LongExpiryDateFood
2059,RoRo,75,12.0,13.5,D,RoRo,3,
2060,Bulk,100,19.75,21.75,C,Bulk,4,
2061,Bulk,75,3.75,5.25,C,Bulk,0,
2062,Container,100,19.75,21.75,B,Container,4,ShortExpiryDateFood
2063,RoRo,50,10.75,11.75,D,RoRo,2,
2064,RoRo,75,6.5,8.0,D,RoRo,1,
2065,RoRo,75,16.75,18.25,D,RoRo,4,
2066,Container,75,16.75,18.25,B,Container,4,LongExpiryDateFood
2067,RoRo,50,15.25,16.25,D,RoRo,3,
2068,Container,50,10.75,11.75,B,Container,2,ShortExpiryDateFood
2069,Bulk,75,5.25,6.75,C,Bulk,1,
2070,RoRo,50,18.25,19.25,D,RoRo,4,
2071,RoRo,50,3.25,4.25,D,RoRo,0,
2072,Bulk,75,11.75,13.25,C,Bulk,2,
2073,Bulk,100,0.0,2.0,C,Bulk,0,
2074,Container,100,21.75,23.75,B,Container,5,ShortExpiryDateFood
2075,Bulk,50,13.25,14.25,C,Bulk,3,
2076,Bulk,100,21.75,23.75,C,Bulk,5,
2077,Tanker,75,22.25,23.75,A,Tanker,5,
2078,Tanker,75,15.75,17.25,A,Tanker,3,
2079,RoRo,50,21.25,22.25,D,RoRo,5,
2080,Bulk,50,18.5,19.5,C,Bulk,4,
2081,Container,75,0.75,2.25,B,Container,0,ShortExpiryDateFood
2082,Tanker,75,17.25,18.75,A,Tanker,4,
2083,Tanker,75,18.75,20.25,A,Tanker,4,
2084,Tanker,150,9.5,12.5,A,Tanker,2,
2085,RoRo,50,22.25,23.25,D,RoRo,5,
2086,Tanker,75,4.25,5.75,A,Tanker,1,
2087,Tanker,50,12.5,13.5,A,Tanker,3,
2088,Bulk,50,6.75,7.75,C,Bulk,1,
2089,Tanker,100,5.75,7.75,A,Tanker,1,
2090,Container,100,15.25,17.25,B,Container,3,LongExpiryDateFood
2091,Container,100,2.75,4.75,B,Container,0,ShortExpiryDateFood
2092,RoRo,50,9.0,10.0,D,RoRo,2,
2093,RoRo,100,5.5,7.5,D,RoRo,1,
2094,Bulk,100,20.75,22.75,C,Bulk,5,
2095,Container,50,18.25,19.25,B,Container,4,Others
2096,Container,100,6.0,8.0,B,Container,1,ShortExpiryDateFood
2097,Container,100,15.0,17.0,B,Container,3,ShortExpiryDateFood
2098,Tanker,50,17.75,18.75,A,Tanker,4,
2099,RoRo,100,11.75,13.75,D,RoRo,2,
2100,Container,50,20.5,21.5,B,Container,5,Others
2101,RoRo,150,11.5,14.5,D,RoRo,2,
2102,Bulk,75,20.0,21.5,C,Bulk,5,
2103,Tanker,50,6.25,7.25,A,Tanker,1,
2104,Container,75,3.0,4.5,B,Container,0,LongExpiryDateFood
2105,RoRo,75,12.75,14.25,D,RoRo,3,
2106,Container,75,3.25,4.75,B,Container,0,LongExpiryDateFood
2107,RoRo,50,12.5,13.5,D,RoRo,3,
2108,Container,100,6.0,8.0,B,Container,1,ShortExpiryDateFood
2109,RoRo,100,6.0,8.0,D,RoRo,1,
2110,RoRo,75,20.5,22.0,D,RoRo,5,
2111,RoRo,100,15.75,17.75,D,RoRo,3,
2112,RoRo,50,15.5,16.5,D,RoRo,3,
2113,Tanker,100,11.5,13.5,A,Tanker,2,
2114,Container,150,0.25,3.25,B,Container,0,ShortExpiryDateFood
2115,Bulk,75,16.5,18.0,C,Bulk,4,
2116,Bulk,50,11.25,12.25,C,Bulk,2,
2117,Container,100,5.75,7.75,B,Container,1,LongExpiryDateFood
2118,Tanker,50,12.75,13.75,A,Tanker,3,
2119,Tanker,150,19.5,22.5,A,Tanker,4,
2120,Bulk,150,1.25,4.25,C,Bulk,0,
2121,Container,150,6.25,9.25,B,Container,1,Others
2122,Container,75,10.5,12.0,B,Container,2,LongExpiryDateFood
2123,RoRo,50,9.25,10.25,D,RoRo,2,
2124,Tanker,75,22.25,23.75,A,Tanker,5,
2125,RoRo,75,19.5,21.0,D,RoRo,4,
2126,Tanker,100,3.25,5.25,A,Tanker,0,
2127,Bulk,150,1.0,4.0,C,Bulk,0,
2128,RoRo,50,4.0,5.0,D,RoRo,1,
2129,Tanker,100,19.5,21.5,A,Tanker,4,
2130,Bulk,100,8.75,10.75,C,Bulk,2,
2131,RoRo,100,17.5,19.5,D,RoRo,4,
2132,RoRo,75,4.25,5.75,D,RoRo,1,
2133,Container,100,20.5,22.5,B,Container,5,Others
2134,Container,100,5.0,7.0,B,Container,1,ShortExpiryDateFood
2135,RoRo,50,15.0,16.0,D,RoRo,3,
2136,Bulk,150,6.5,9.5,C,Bulk,1,
2137,Tanker,75,20.5,22.0,A,Tanker,5,
2138,RoRo,150,0.5,3.5,D,RoRo,0,
2139,Bulk,75,10.0,11.5,C,Bulk,2,
2140,Tanker,50,13.75,14.75,A,Tanker,3,
2141,Tanker,150,15.25,18.25,A,Tanker,3,
2142,Bulk,50,20.0,21.0,C,Bulk,5,
2143,Tanker,150,5.5,8.5,A,Tanker,1,
2144,RoRo,75,17.0,18.5,D,RoRo,4,
2145,Bulk,75,0.75,2.25,C,Bulk,0,
2146,RoRo,100,12.75,14.75,D,RoRo,3,
2147,Container,100,7.0,9.0,B,Container,1,Others
2148,RoRo,75,0.75,2.25,D,RoRo,0,
2149,Tanker,75,3.75,5.25,A,Tanker,0,
2150,Container,75,10.25,11.75,B,Container,2,Others
2151,Container,75,9.75,11.25,B,Container,2,ShortExpiryDateFood
2152,Container,75,9.25,10.75,B,Container,2,ShortExpiryDateFood
2153,Bulk,100,11.75,13.75,C,Bulk,2,
2154,Tanker,100,15.0,17.0,A,Tanker,3,
2155,RoRo,50,5.25,6.25,D,RoRo,1,
2156,RoRo,75,0.5,2.0,D,RoRo,0,
2157,Bulk,100,1.25,3.25,C,Bulk,0,
2158,Tanker,75,17.25,18.75,A,Tanker,4,
2159,Bulk,100,11.75,13.75,C,Bulk,2,
2160,Bulk,75,5.5,7.0,C,Bulk,1,
2161,RoRo,150,9.0,12.0,D,RoRo,2,
2162,Container,100,11.0,13.0,B,Container,2,ShortExpiryDateFood
2163,Container,75,17.25,18.75,B,Container,4,LongExpiryDateFood
2164,Bulk,150,13.75,16.75,C,Bulk,3,
2165,Container,75,7.75,9.25,B,Container,1,LongExpiryDateFood
2166,Container,100,2.0,4.0,B,Container,0,Others
2167,Tanker,100,16.5,18.5,A,Tanker,4,
2168,Container,50,22.0,23.0,B,Container,5,LongExpiryDateFood
2169,Tanker,75,21.75,23.25,A,Tanker,5,
2170,Tanker,50,3.25,4.25,A,Tanker,0,
2171,Tanker,50,2.0,3.0,A,Tanker,0,
2172,Container,100,8.25,10.25,B,Container,2,ShortExpiryDateFood
2173,Tanker,150,6.0,9.0,A,Tanker,1,
2174,Bulk,50,5.0,6.0,C,Bulk,1,
2175,Container,150,18.5,21.5,B,Container,4,ShortExpiryDateFood
2176,Bulk,75,6.25,7.75,C,Bulk,1,
2177,Bulk,50,8.75,9.75,C,Bulk,2,
2178,Container,100,2.25,4.25,B,Container,0,LongExpiryDateFood
2179,Tanker,75,0.75,2.25,A,Tanker,0,
2180,RoRo,50,16.75,17.75,D,RoRo,4,
2181,Tanker,100,7.75,9.75,A,Tanker,1,
2182,Bulk,75,5.75,7.25,C,Bulk,1,
2183,Tanker,50,2.25,3.25,A,Tanker,0,
2184,RoRo,100,19.75,21.75,D,RoRo,4,
2185,Tanker,75,12.5,14.0,A,Tanker,3,
2186,Bulk,150,13.75,16.75,C,Bulk,3,
2187,RoRo,50,18.5,19.5,D,RoRo,4,
2188,Bulk,75,20.25,21.75,C,Bulk,5,
2189,Container,50,14.5,15.5,B,Container,3,LongExpiryDateFood
2190,Tanker,100,14.0,16.0,A,Tanker,3,
2191,RoRo,50,10.0,11.0,D,RoRo,2,
2192,RoRo,75,3.5,5.0,D,RoRo,0,
2193,Container,75,21.75,23.25,B,Container,5,ShortExpiryDateFood
2194,RoRo,75,0.25,1.75,D,RoRo,0,
2195,Tanker,100,9.75,11.75,A,Tanker,2,
2196,Bulk,75,16.75,18.25,C,Bulk,4,
2197,Bulk,75,12.0,13.5,C,Bulk,3,
2198,RoRo,75,1.75,3.25,D,RoRo,0,
2199,Bulk,100,18.25,20.25,C,Bulk,4,
2200,RoRo,100,12.0,14.0,D,RoRo,3,
2201,Tanker,150,19.0,22.0,A,Tanker,4,
2202,Container,75,4.25,5.75,B,Container,1,ShortExpiryDateFood
2203,Tanker,75,22.0,23.5,A,Tanker,5,
2204,Container,75,5.75,7.25,B,Container,1,LongExpiryDateFood
2205,RoRo,100,21.75,23.75,D,RoRo,5,
2206,Tanker,75,16.0,17.5,A,Tanker,4,
2207,Bulk,75,21.75,23.25,C,Bulk,5,
2208,Container,100,15.5,17.5,B,Container,3,LongExpiryDateFood
2209,Container,150,17.5,20.5,B,Container,4,LongExpiryDateFood
2210,Container,150,7.25,10.25,B,Container,1,LongExpiryDateFood
2211,RoRo,100,5.0,7.0,D,RoRo,1,
2212,Tanker,100,3.5,5.5,A,Tanker,0,
2213,RoRo,50,7.0,8.0,D,RoRo,1,
2214,RoRo,50,14.25,15.25,D,RoRo,3,
2215,Tanker,75,17.5,19.0,A,Tanker,4,
2216,Container,75,10.25,11.75,B,Container,2,Others
2217,Bulk,75,7.25,8.75,C,Bulk,1,
2218,Container,50,11.75,12.75,B,Container,2,ShortExpiryDateFood
2219,Bulk,50,2.5,3.5,C,Bulk,0,
2220,Bulk,100,3.75,5.75,C,Bulk,0,
2221,Bulk,100,9.75,11.75,C,Bulk,2,
2222,RoRo,75,15.25,16.75,D,RoRo,3,
2223,Tanker,75,5.5,7.0,A,Tanker,1,
2224,RoRo,50,8.0,9.0,D,RoRo,2,
2225,Tanker,150,11.0,14.0,A,Tanker,2,
2226,RoRo,75,18.5,20.0,D,RoRo,4,
2227,Tanker,50,9.0,10.0,A,Tanker,2,
2228,Bulk,50,4.25,5.25,C,Bulk,1,
2229,RoRo,75,4.75,6.25,D,RoRo,1,
2230,Container,75,9.5,11.0,B,Container,2,ShortExpiryDateFood
2231,RoRo,150,5.0,8.0,D,RoRo,1,
2232,Tanker,100,3.25,5.25,A,Tanker,0,
2233,Tanker,100,6.5,8.5,A,Tanker,1,
2234,Bulk,75,8.0,9.5,C,Bulk,2,
2235,Tanker,150,4.25,7.25,A,Tanker,1,
2236,Container,50,7.5,8.5,B,Container,1,ShortExpiryDateFood
2237,Container,75,4.75,6.25,B,Container,1,Others
2238,Container,50,17.5,18.5,B,Container,4,Others
2239,Container,100,6.5,8.5,B,Container,1,ShortExpiryDateFood
2240,Container,100,9.5,11.5,B,Container,2,ShortExpiryDateFood
2241,Container,100,17.5,19.5,B,Container,4,Others
2242,Bulk,150,16.0,19.0,C,Bulk,4,
2243,Bulk,50,3.25,4.25,C,Bulk,0,
2244,Tanker,150,14.75,17.75,A,Tanker,3,
2245,Tanker,75,12.25,13.75,A,Tanker,3,
2246,RoRo,150,3.5,6.5,D,RoRo,0,
2247,Container,50,11.75,12.75,B,Container,2,Others
2248,RoRo,50,22.25,23.25,D,RoRo,5,
2249,Tanker,75,18.0,19.5,A,Tanker,4,
2250,Tanker,50,1.0,2.0,A,Tanker,0,
2251,Bulk,100,12.0,14.0,C,Bulk,3,
2252,Bulk,150,15.75,18.75,C,Bulk,3,
2253,Tanker,100,6.75,8.75,A,Tanker,1,
2254,Bulk,150,5.75,8.75,C,Bulk,1,
2255,RoRo,75,7.5,9.0,D,RoRo,1,
2256,Bulk,75,22.25,23.75,C,Bulk,5,
2257,RoRo,150,19.25,22.25,D,RoRo,4,
2258,RoRo,50,12.75,13.75,D,RoRo,3,
2259,Tanker,50,5.5,6.5,A,Tanker,1,
2260,RoRo,100,6.5,8.5,D,RoRo,1,
2261,RoRo,100,3.0,5.0,D,RoRo,0,
2262,Tanker,50,1.75,2.75,A,Tanker,0,
2263,Bulk,100,18.5,20.5,C,Bulk,4,
2264,Bulk,50,10.5,11.5,C,Bulk,2,
2265,Tanker,50,17.5,18.5,A,Tanker,4,
2266,Tanker,50,15.75,16.75,A,Tanker,3,
2267,Container,100,17.0,19.0,B,Container,4,ShortExpiryDateFood
2268,RoRo,100,12.5,14.5,D,RoRo,3,
2269,Container,150,10.5,13.5,B,Container,2,ShortExpiryDateFood
2270,Container,75,17.75,19.25,B,Container,4,LongExpiryDateFood
2271,RoRo,150,6.0,9.0,D,RoRo,1,
2272,Tanker,100,6.75,8.75,A,Tanker,1,
2273,Bulk,100,9.5,11.5,C,Bulk,2,
2274,Tanker,100,5.25,7.25,A,Tanker,1,
2275,Bulk,150,1.25,4.25,C,Bulk,0,
2276,Container,75,7.0,8.5,B,Container,1,LongExpiryDateFood
2277,Container,100,13.75,15.75,B,Container,3,ShortExpiryDateFood
2278,RoRo,50,12.0,13.0,D,RoRo,3,
2279,Container,100,13.25,15.25,B,Container,3,LongExpiryDateFood
2280,RoRo,50,12.0,13.0,D,RoRo,3,
2281,Container,50,7.75,8.75,B,Container,1,ShortExpiryDateFood
2282,Tanker,50,0.75,1.75,A,Tanker,0,
2283,Bulk,50,7.5,8.5,C,Bulk,1,
2284,Container,100,5.25,7.25,B,Container,1,Others
2285,RoRo,100,8.0,10.0,D,RoRo,2,
2286,Tanker,50,11.75,12.75,A,Tanker,2,
2287,RoRo,150,1.5,4.5,D,RoRo,0,
2288,RoRo,50,14.5,15.5,D,RoRo,3,
2289,Container,150,2.0,5.0,B,Container,0,LongExpiryDateFood
2290,Bulk,100,8.25,10.25,C,Bulk,2,
2291,Bulk,50,3.25,4.25,C,Bulk,0,
2292,Bulk,75,8.75,10.25,C,Bulk,2,
2293,Container,100,11.5,13.5,B,Container,2,Others
2294,Tanker,50,11.75,12.75,A,Tanker,2,
2295,Bulk,75,18.5,20.0,C,Bulk,4,
2296,RoRo,50,16.0,17.0,D,RoRo,4,
2297,Container,50,6.5,7.5,B,Container,1,ShortExpiryDateFood
2298,RoRo,100,7.75,9.75,D,RoRo,1,
2299,RoRo,150,17.25,20.25,D,RoRo,4,
2300,Container,100,15.75,17.75,B,Container,3,Others
2301,Bulk,50,6.0,7.0,C,Bulk,1,
2302,Tanker,50,11.75,12.75,A,Tanker,2,
2303,RoRo,100,13.5,15.5,D,RoRo,3,
2304,Container,50,14.5,15.5,B,Container,3,Others
2305,Container,150,17.75,20.75,B,Container,4,Others
2306,RoRo,75,3.75,5.25,D,RoRo,0,
2307,RoRo,50,15.25,16.25,D,RoRo,3,
2308,RoRo,100,16.0,18.0,D,RoRo,4,
2309,Tanker,100,4.25,6.25,A,Tanker,1,
2310,Bulk,150,8.0,11.0,C,Bulk,2,
2311,Container,75,12.5,14.0,B,Container,3,ShortExpiryDateFood
2312,Bulk,100,1.5,3.5,C,Bulk,0,
2313,Tanker,75,8.75,10.25,A,Tanker,2,
2314,RoRo,100,0.75,2.75,D,RoRo,0,
2315,Tanker,150,7.75,10.75,A,Tanker,1,
2316,Tanker,50,0.5,1.5,A,Tanker,0,
2317,Bulk,150,19.25,22.25,C,Bulk,4,
